{"cameraMode":{"drawMode":0,"name":"Shaded","section":"Shading Mode"},"sceneLighting":false,"audioPlay":false,"sceneViewState":{"m_AlwaysRefresh":false,"showFog":true,"showSkybox":false,"showFlares":true,"showImageEffects":true,"showParticleSystems":true,"showVisualEffectGraphs":true,"m_FxEnabled":true},"in2DMode":false,"pivot":{"x":0.04021561145782471,"y":1.462059736251831,"z":0.4608449935913086},"rotation":{"x":0.014879376627504826,"y":0.968693196773529,"z":-0.2404562085866928,"w":0.05994250997900963},"size":2.705622911453247,"orthographic":false}